{
  "code": "000250",
  "name": "삼천당제약",
  "applicable": false,
  "reason": "best lift -1.6%p, precision 5.6% vs base 10.0%",
  "best_config": {
    "source": "synthesis",
    "window": 5,
    "sigma_mult": 1.0,
    "threshold": -0.12609708647388634,
    "n_total": 40,
    "n_drops": 4,
    "n_signals": 18,
    "TP": 1,
    "FP": 17,
    "FN": 3,
    "TN": 19,
    "precision": 0.05555555555555555,
    "recall": 0.25,
    "base_rate": 0.1,
    "lift_vs_random": -0.04444444444444445,
    "hold_ret": 0.041508821505515256,
    "strategy_ret": 0.025798981821352762,
    "return_lift": -0.015709839684162494,
    "polarity": "inverted"
  },
  "grid_results": [
    {
      "source": "narrative",
      "window": 5,
      "sigma_mult": 1.0,
      "threshold": -0.12609708647388634,
      "n_total": 40,
      "n_drops": 4,
      "n_signals": 31,
      "TP": 3,
      "FP": 28,
      "FN": 1,
      "TN": 8,
      "precision": 0.0967741935483871,
      "recall": 0.75,
      "base_rate": 0.1,
      "lift_vs_random": -0.0032258064516129115,
      "hold_ret": 0.041508821505515256,
      "strategy_ret": 0.01252871346055632,
      "return_lift": -0.028980108044958937,
      "polarity": "inverted"
    },
    {
      "source": "narrative",
      "window": 5,
      "sigma_mult": 1.5,
      "threshold": -0.18914562971082952,
      "n_total": 40,
      "n_drops": 0,
      "n_signals": 31,
      "TP": 0,
      "FP": 31,
      "FN": 0,
      "TN": 9,
      "precision": 0.0,
      "recall": null,
      "base_rate": 0.0,
      "lift_vs_random": 0.0,
      "hold_ret": 0.041508821505515256,
      "strategy_ret": 0.01252871346055632,
      "return_lift": -0.028980108044958937,
      "polarity": "normal"
    },
    {
      "source": "narrative",
      "window": 5,
      "sigma_mult": 2.0,
      "threshold": -0.2521941729477727,
      "n_total": 40,
      "n_drops": 0,
      "n_signals": 31,
      "TP": 0,
      "FP": 31,
      "FN": 0,
      "TN": 9,
      "precision": 0.0,
      "recall": null,
      "base_rate": 0.0,
      "lift_vs_random": 0.0,
      "hold_ret": 0.041508821505515256,
      "strategy_ret": 0.01252871346055632,
      "return_lift": -0.028980108044958937,
      "polarity": "normal"
    },
    {
      "source": "narrative",
      "window": 20,
      "sigma_mult": 1.0,
      "threshold": -0.2521941729477727,
      "n_total": 40,
      "n_drops": 0,
      "n_signals": 31,
      "TP": 0,
      "FP": 31,
      "FN": 0,
      "TN": 9,
      "precision": 0.0,
      "recall": null,
      "base_rate": 0.0,
      "lift_vs_random": 0.0,
      "hold_ret": 0.2091003330844309,
      "strategy_ret": 0.11732406561000472,
      "return_lift": -0.09177626747442619,
      "polarity": "normal"
    },
    {
      "source": "narrative",
      "window": 20,
      "sigma_mult": 1.5,
      "threshold": -0.37829125942165903,
      "n_total": 40,
      "n_drops": 0,
      "n_signals": 31,
      "TP": 0,
      "FP": 31,
      "FN": 0,
      "TN": 9,
      "precision": 0.0,
      "recall": null,
      "base_rate": 0.0,
      "lift_vs_random": 0.0,
      "hold_ret": 0.2091003330844309,
      "strategy_ret": 0.11732406561000472,
      "return_lift": -0.09177626747442619,
      "polarity": "normal"
    },
    {
      "source": "narrative",
      "window": 20,
      "sigma_mult": 2.0,
      "threshold": -0.5043883458955454,
      "n_total": 40,
      "n_drops": 0,
      "n_signals": 31,
      "TP": 0,
      "FP": 31,
      "FN": 0,
      "TN": 9,
      "precision": 0.0,
      "recall": null,
      "base_rate": 0.0,
      "lift_vs_random": 0.0,
      "hold_ret": 0.2091003330844309,
      "strategy_ret": 0.11732406561000472,
      "return_lift": -0.09177626747442619,
      "polarity": "normal"
    },
    {
      "source": "narrative",
      "window": 60,
      "sigma_mult": 1.0,
      "threshold": -0.4368131209183548,
      "n_total": 40,
      "n_drops": 0,
      "n_signals": 31,
      "TP": 0,
      "FP": 31,
      "FN": 0,
      "TN": 9,
      "precision": 0.0,
      "recall": null,
      "base_rate": 0.0,
      "lift_vs_random": 0.0,
      "hold_ret": 0.6673203506231777,
      "strategy_ret": 0.26818045036068466,
      "return_lift": -0.3991399002624931,
      "polarity": "normal"
    },
    {
      "source": "narrative",
      "window": 60,
      "sigma_mult": 1.5,
      "threshold": -0.6552196813775322,
      "n_total": 40,
      "n_drops": 0,
      "n_signals": 31,
      "TP": 0,
      "FP": 31,
      "FN": 0,
      "TN": 9,
      "precision": 0.0,
      "recall": null,
      "base_rate": 0.0,
      "lift_vs_random": 0.0,
      "hold_ret": 0.6673203506231777,
      "strategy_ret": 0.26818045036068466,
      "return_lift": -0.3991399002624931,
      "polarity": "normal"
    },
    {
      "source": "narrative",
      "window": 60,
      "sigma_mult": 2.0,
      "threshold": -0.8736262418367096,
      "n_total": 40,
      "n_drops": 0,
      "n_signals": 31,
      "TP": 0,
      "FP": 31,
      "FN": 0,
      "TN": 9,
      "precision": 0.0,
      "recall": null,
      "base_rate": 0.0,
      "lift_vs_random": 0.0,
      "hold_ret": 0.6673203506231777,
      "strategy_ret": 0.26818045036068466,
      "return_lift": -0.3991399002624931,
      "polarity": "normal"
    },
    {
      "source": "statistical",
      "window": 5,
      "sigma_mult": 1.0,
      "threshold": -0.12609708647388634,
      "n_total": 40,
      "n_drops": 4,
      "n_signals": 0,
      "TP": 0,
      "FP": 0,
      "FN": 4,
      "TN": 36,
      "precision": null,
      "recall": 0.0,
      "base_rate": 0.1,
      "lift_vs_random": null,
      "hold_ret": 0.041508821505515256,
      "strategy_ret": 0.041508821505515256,
      "return_lift": 0.0,
      "polarity": "normal"
    },
    {
      "source": "statistical",
      "window": 5,
      "sigma_mult": 1.5,
      "threshold": -0.18914562971082952,
      "n_total": 40,
      "n_drops": 0,
      "n_signals": 0,
      "TP": 0,
      "FP": 0,
      "FN": 0,
      "TN": 40,
      "precision": null,
      "recall": null,
      "base_rate": 0.0,
      "lift_vs_random": null,
      "hold_ret": 0.041508821505515256,
      "strategy_ret": 0.041508821505515256,
      "return_lift": 0.0,
      "polarity": "normal"
    },
    {
      "source": "statistical",
      "window": 5,
      "sigma_mult": 2.0,
      "threshold": -0.2521941729477727,
      "n_total": 40,
      "n_drops": 0,
      "n_signals": 0,
      "TP": 0,
      "FP": 0,
      "FN": 0,
      "TN": 40,
      "precision": null,
      "recall": null,
      "base_rate": 0.0,
      "lift_vs_random": null,
      "hold_ret": 0.041508821505515256,
      "strategy_ret": 0.041508821505515256,
      "return_lift": 0.0,
      "polarity": "normal"
    },
    {
      "source": "statistical",
      "window": 20,
      "sigma_mult": 1.0,
      "threshold": -0.2521941729477727,
      "n_total": 40,
      "n_drops": 0,
      "n_signals": 0,
      "TP": 0,
      "FP": 0,
      "FN": 0,
      "TN": 40,
      "precision": null,
      "recall": null,
      "base_rate": 0.0,
      "lift_vs_random": null,
      "hold_ret": 0.2091003330844309,
      "strategy_ret": 0.2091003330844309,
      "return_lift": 0.0,
      "polarity": "normal"
    },
    {
      "source": "statistical",
      "window": 20,
      "sigma_mult": 1.5,
      "threshold": -0.37829125942165903,
      "n_total": 40,
      "n_drops": 0,
      "n_signals": 0,
      "TP": 0,
      "FP": 0,
      "FN": 0,
      "TN": 40,
      "precision": null,
      "recall": null,
      "base_rate": 0.0,
      "lift_vs_random": null,
      "hold_ret": 0.2091003330844309,
      "strategy_ret": 0.2091003330844309,
      "return_lift": 0.0,
      "polarity": "normal"
    },
    {
      "source": "statistical",
      "window": 20,
      "sigma_mult": 2.0,
      "threshold": -0.5043883458955454,
      "n_total": 40,
      "n_drops": 0,
      "n_signals": 0,
      "TP": 0,
      "FP": 0,
      "FN": 0,
      "TN": 40,
      "precision": null,
      "recall": null,
      "base_rate": 0.0,