{
  "code": "010170",
  "name": "대한광통신",
  "applicable": true,
  "reason": "best lift +1.4%p, precision 6.5% vs base 5.0%",
  "best_config": {
    "source": "narrative",
    "window": 5,
    "sigma_mult": 1.0,
    "threshold": -0.14716211570249438,
    "n_total": 40,
    "n_drops": 2,
    "n_signals": 31,
    "TP": 2,
    "FP": 29,
    "FN": 0,
    "TN": 9,
    "precision": 0.06451612903225806,
    "recall": 1.0,
    "base_rate": 0.05,
    "lift_vs_random": 0.01451612903225806,
    "hold_ret": 0.06111030154442526,
    "strategy_ret": 0.07514230466713938,
    "return_lift": 0.014032003122714118,
    "polarity": "normal"
  },
  "grid_results": [
    {
      "source": "narrative",
      "window": 5,
      "sigma_mult": 1.0,
      "threshold": -0.14716211570249438,
      "n_total": 40,
      "n_drops": 2,
      "n_signals": 31,
      "TP": 2,
      "FP": 29,
      "FN": 0,
      "TN": 9,
      "precision": 0.06451612903225806,
      "recall": 1.0,
      "base_rate": 0.05,
      "lift_vs_random": 0.01451612903225806,
      "hold_ret": 0.06111030154442526,
      "strategy_ret": 0.07514230466713938,
      "return_lift": 0.014032003122714118,
      "polarity": "normal"
    },
    {
      "source": "narrative",
      "window": 5,
      "sigma_mult": 1.5,
      "threshold": -0.22074317355374157,
      "n_total": 40,
      "n_drops": 1,
      "n_signals": 31,
      "TP": 1,
      "FP": 30,
      "FN": 0,
      "TN": 9,
      "precision": 0.03225806451612903,
      "recall": 1.0,
      "base_rate": 0.025,
      "lift_vs_random": 0.00725806451612903,
      "hold_ret": 0.06111030154442526,
      "strategy_ret": 0.07514230466713938,
      "return_lift": 0.014032003122714118,
      "polarity": "normal"
    },
    {
      "source": "narrative",
      "window": 5,
      "sigma_mult": 2.0,
      "threshold": -0.29432423140498876,
      "n_total": 40,
      "n_drops": 0,
      "n_signals": 31,
      "TP": 0,
      "FP": 31,
      "FN": 0,
      "TN": 9,
      "precision": 0.0,
      "recall": null,
      "base_rate": 0.0,
      "lift_vs_random": 0.0,
      "hold_ret": 0.06111030154442526,
      "strategy_ret": 0.07514230466713938,
      "return_lift": 0.014032003122714118,
      "polarity": "normal"
    },
    {
      "source": "narrative",
      "window": 20,
      "sigma_mult": 1.0,
      "threshold": -0.29432423140498876,
      "n_total": 40,
      "n_drops": 0,
      "n_signals": 31,
      "TP": 0,
      "FP": 31,
      "FN": 0,
      "TN": 9,
      "precision": 0.0,
      "recall": null,
      "base_rate": 0.0,
      "lift_vs_random": 0.0,
      "hold_ret": 0.2905880857172074,
      "strategy_ret": 0.22077805755639868,
      "return_lift": -0.06981002816080872,
      "polarity": "normal"
    },
    {
      "source": "narrative",
      "window": 20,
      "sigma_mult": 1.5,
      "threshold": -0.44148634710748313,
      "n_total": 40,
      "n_drops": 0,
      "n_signals": 31,
      "TP": 0,
      "FP": 31,
      "FN": 0,
      "TN": 9,
      "precision": 0.0,
      "recall": null,
      "base_rate": 0.0,
      "lift_vs_random": 0.0,
      "hold_ret": 0.2905880857172074,
      "strategy_ret": 0.22077805755639868,
      "return_lift": -0.06981002816080872,
      "polarity": "normal"
    },
    {
      "source": "narrative",
      "window": 20,
      "sigma_mult": 2.0,
      "threshold": -0.5886484628099775,
      "n_total": 40,
      "n_drops": 0,
      "n_signals": 31,
      "TP": 0,
      "FP": 31,
      "FN": 0,
      "TN": 9,
      "precision": 0.0,
      "recall": null,
      "base_rate": 0.0,
      "lift_vs_random": 0.0,
      "hold_ret": 0.2905880857172074,
      "strategy_ret": 0.22077805755639868,
      "return_lift": -0.06981002816080872,
      "polarity": "normal"
    },
    {
      "source": "narrative",
      "window": 60,
      "sigma_mult": 1.0,
      "threshold": -0.5097845226920998,
      "n_total": 40,
      "n_drops": 0,
      "n_signals": 31,
      "TP": 0,
      "FP": 31,
      "FN": 0,
      "TN": 9,
      "precision": 0.0,
      "recall": null,
      "base_rate": 0.0,
      "lift_vs_random": 0.0,
      "hold_ret": 1.4332632622183819,
      "strategy_ret": 0.8293605205412686,
      "return_lift": -0.6039027416771132,
      "polarity": "normal"
    },
    {
      "source": "narrative",
      "window": 60,
      "sigma_mult": 1.5,
      "threshold": -0.7646767840381498,
      "n_total": 40,
      "n_drops": 0,
      "n_signals": 31,
      "TP": 0,
      "FP": 31,
      "FN": 0,
      "TN": 9,
      "precision": 0.0,
      "recall": null,
      "base_rate": 0.0,
      "lift_vs_random": 0.0,
      "hold_ret": 1.4332632622183819,
      "strategy_ret": 0.8293605205412686,
      "return_lift": -0.6039027416771132,
      "polarity": "normal"
    },
    {
      "source": "narrative",
      "window": 60,
      "sigma_mult": 2.0,
      "threshold": -1.0195690453841997,
      "n_total": 40,
      "n_drops": 0,
      "n_signals": 31,
      "TP": 0,
      "FP": 31,
      "FN": 0,
      "TN": 9,
      "precision": 0.0,
      "recall": null,
      "base_rate": 0.0,
      "lift_vs_random": 0.0,
      "hold_ret": 1.4332632622183819,
      "strategy_ret": 0.8293605205412686,
      "return_lift": -0.6039027416771132,
      "polarity": "normal"
    },
    {
      "source": "statistical",
      "window": 5,
      "sigma_mult": 1.0,
      "threshold": -0.14716211570249438,
      "n_total": 40,
      "n_drops": 2,
      "n_signals": 34,
      "TP": 2,
      "FP": 32,
      "FN": 0,
      "TN": 6,
      "precision": 0.058823529411764705,
      "recall": 1.0,
      "base_rate": 0.05,
      "lift_vs_random": 0.008823529411764702,
      "hold_ret": 0.06111030154442526,
      "strategy_ret": 0.03275166526983344,
      "return_lift": -0.02835863627459182,
      "polarity": "normal"
    },
    {
      "source": "statistical",
      "window": 5,
      "sigma_mult": 1.5,
      "threshold": -0.22074317355374157,
      "n_total": 40,
      "n_drops": 1,
      "n_signals": 34,
      "TP": 1,
      "FP": 33,
      "FN": 0,
      "TN": 6,
      "precision": 0.029411764705882353,
      "recall": 1.0,
      "base_rate": 0.025,
      "lift_vs_random": 0.004411764705882351,
      "hold_ret": 0.06111030154442526,
      "strategy_ret": 0.03275166526983344,
      "return_lift": -0.02835863627459182,
      "polarity": "normal"
    },
    {
      "source": "statistical",
      "window": 5,
      "sigma_mult": 2.0,
      "threshold": -0.29432423140498876,
      "n_total": 40,
      "n_drops": 0,
      "n_signals": 34,
      "TP": 0,
      "FP": 34,
      "FN": 0,
      "TN": 6,
      "precision": 0.0,
      "recall": null,
      "base_rate": 0.0,
      "lift_vs_random": 0.0,
      "hold_ret": 0.06111030154442526,
      "strategy_ret": 0.03275166526983344,
      "return_lift": -0.02835863627459182,
      "polarity": "normal"
    },
    {
      "source": "statistical",
      "window": 20,
      "sigma_mult": 1.0,
      "threshold": -0.29432423140498876,
      "n_total": 40,
      "n_drops": 0,
      "n_signals": 34,
      "TP": 0,
      "FP": 34,
      "FN": 0,
      "TN": 6,
      "precision": 0.0,
      "recall": null,
      "base_rate": 0.0,
      "lift_vs_random": 0.0,
      "hold_ret": 0.2905880857172074,
      "strategy_ret": 0.2670361447729344,
      "return_lift": -0.023551940944272987,
      "polarity": "normal"
    },
    {
      "source": "statistical",
      "window": 20,
      "sigma_mult": 1.5,
      "threshold": -0.44148634710748313,
      "n_total": 40,
      "n_drops": 0,
      "n_signals": 34,
      "TP": 0,
      "FP": 34,
      "FN": 0,
      "TN": 6,
      "precision": 0.0,
      "recall": null,
      "base_rate": 0.0,
      "lift_vs_random": 0.0,
      "hold_ret": 0.2905880857172074,
      "strategy_ret": 0.2670361447729344,
      "return_lift": -0.023551940944272987,
      "polarity": "normal"
    },
    {
      "source": "statistical",
      "window": 20,
      "sigma_mult": 2.0,
      "threshold": -0.5886484628099775,
      "n_total": 40,
      "n_drops": 0,