{
  "code": "090470",
  "name": "제이스로보틱스",
  "applicable": false,
  "reason": "best lift -1.2%p, precision 10.0% vs base 15.0%",
  "best_config": {
    "source": "narrative",
    "window": 5,
    "sigma_mult": 1.0,
    "threshold": -0.08066139658816315,
    "n_total": 40,
    "n_drops": 6,
    "n_signals": 10,
    "TP": 1,
    "FP": 9,
    "FN": 5,
    "TN": 25,
    "precision": 0.1,
    "recall": 0.16666666666666666,
    "base_rate": 0.15,
    "lift_vs_random": -0.04999999999999999,
    "hold_ret": 0.01926298096404655,
    "strategy_ret": 0.007449816122339037,
    "return_lift": -0.011813164841707514,
    "polarity": "inverted"
  },
  "grid_results": [
    {
      "source": "narrative",
      "window": 5,
      "sigma_mult": 1.0,
      "threshold": -0.08066139658816315,
      "n_total": 40,
      "n_drops": 6,
      "n_signals": 10,
      "TP": 1,
      "FP": 9,
      "FN": 5,
      "TN": 25,
      "precision": 0.1,
      "recall": 0.16666666666666666,
      "base_rate": 0.15,
      "lift_vs_random": -0.04999999999999999,
      "hold_ret": 0.01926298096404655,
      "strategy_ret": 0.007449816122339037,
      "return_lift": -0.011813164841707514,
      "polarity": "inverted"
    },
    {
      "source": "narrative",
      "window": 5,
      "sigma_mult": 1.5,
      "threshold": -0.12099209488224473,
      "n_total": 40,
      "n_drops": 2,
      "n_signals": 10,
      "TP": 1,
      "FP": 9,
      "FN": 1,
      "TN": 29,
      "precision": 0.1,
      "recall": 0.5,
      "base_rate": 0.05,
      "lift_vs_random": 0.05,
      "hold_ret": 0.01926298096404655,
      "strategy_ret": 0.007449816122339037,
      "return_lift": -0.011813164841707514,
      "polarity": "normal"
    },
    {
      "source": "narrative",
      "window": 5,
      "sigma_mult": 2.0,
      "threshold": -0.1613227931763263,
      "n_total": 40,
      "n_drops": 1,
      "n_signals": 10,
      "TP": 1,
      "FP": 9,
      "FN": 0,
      "TN": 30,
      "precision": 0.1,
      "recall": 1.0,
      "base_rate": 0.025,
      "lift_vs_random": 0.07500000000000001,
      "hold_ret": 0.01926298096404655,
      "strategy_ret": 0.007449816122339037,
      "return_lift": -0.011813164841707514,
      "polarity": "normal"
    },
    {
      "source": "narrative",
      "window": 20,
      "sigma_mult": 1.0,
      "threshold": -0.1613227931763263,
      "n_total": 40,
      "n_drops": 2,
      "n_signals": 10,
      "TP": 1,
      "FP": 9,
      "FN": 1,
      "TN": 29,
      "precision": 0.1,
      "recall": 0.5,
      "base_rate": 0.05,
      "lift_vs_random": 0.05,
      "hold_ret": 0.10026236850429333,
      "strategy_ret": 0.050919185659148866,
      "return_lift": -0.04934318284514447,
      "polarity": "normal"
    },
    {
      "source": "narrative",
      "window": 20,
      "sigma_mult": 1.5,
      "threshold": -0.24198418976448946,
      "n_total": 40,
      "n_drops": 1,
      "n_signals": 10,
      "TP": 0,
      "FP": 10,
      "FN": 1,
      "TN": 29,
      "precision": 0.0,
      "recall": 0.0,
      "base_rate": 0.025,
      "lift_vs_random": -0.025,
      "hold_ret": 0.10026236850429333,
      "strategy_ret": 0.050919185659148866,
      "return_lift": -0.04934318284514447,
      "polarity": "inverted"
    },
    {
      "source": "narrative",
      "window": 20,
      "sigma_mult": 2.0,
      "threshold": -0.3226455863526526,
      "n_total": 40,
      "n_drops": 0,
      "n_signals": 10,
      "TP": 0,
      "FP": 10,
      "FN": 0,
      "TN": 30,
      "precision": 0.0,
      "recall": null,
      "base_rate": 0.0,
      "lift_vs_random": 0.0,
      "hold_ret": 0.10026236850429333,
      "strategy_ret": 0.050919185659148866,
      "return_lift": -0.04934318284514447,
      "polarity": "normal"
    },
    {
      "source": "narrative",
      "window": 60,
      "sigma_mult": 1.0,
      "threshold": -0.2794192742003229,
      "n_total": 40,
      "n_drops": 1,
      "n_signals": 10,
      "TP": 0,
      "FP": 10,
      "FN": 1,
      "TN": 29,
      "precision": 0.0,
      "recall": 0.0,
      "base_rate": 0.025,
      "lift_vs_random": -0.025,
      "hold_ret": 0.3354724124370156,
      "strategy_ret": 0.19197728725798716,
      "return_lift": -0.14349512517902843,
      "polarity": "inverted"
    },
    {
      "source": "narrative",
      "window": 60,
      "sigma_mult": 1.5,
      "threshold": -0.41912891130048435,
      "n_total": 40,
      "n_drops": 0,
      "n_signals": 10,
      "TP": 0,
      "FP": 10,
      "FN": 0,
      "TN": 30,
      "precision": 0.0,
      "recall": null,
      "base_rate": 0.0,
      "lift_vs_random": 0.0,
      "hold_ret": 0.3354724124370156,
      "strategy_ret": 0.19197728725798716,
      "return_lift": -0.14349512517902843,
      "polarity": "normal"
    },
    {
      "source": "narrative",
      "window": 60,
      "sigma_mult": 2.0,
      "threshold": -0.5588385484006458,
      "n_total": 40,
      "n_drops": 0,
      "n_signals": 10,
      "TP": 0,
      "FP": 10,
      "FN": 0,
      "TN": 30,
      "precision": 0.0,
      "recall": null,
      "base_rate": 0.0,
      "lift_vs_random": 0.0,
      "hold_ret": 0.3354724124370156,
      "strategy_ret": 0.19197728725798716,
      "return_lift": -0.14349512517902843,
      "polarity": "normal"
    },
    {
      "source": "statistical",
      "window": 5,
      "sigma_mult": 1.0,
      "threshold": -0.08066139658816315,
      "n_total": 40,
      "n_drops": 6,
      "n_signals": 34,
      "TP": 6,
      "FP": 28,
      "FN": 0,
      "TN": 6,
      "precision": 0.17647058823529413,
      "recall": 1.0,
      "base_rate": 0.15,
      "lift_vs_random": 0.026470588235294135,
      "hold_ret": 0.01926298096404655,
      "strategy_ret": -0.0022289648534725703,
      "return_lift": -0.02149194581751912,
      "polarity": "normal"
    },
    {
      "source": "statistical",
      "window": 5,
      "sigma_mult": 1.5,
      "threshold": -0.12099209488224473,
      "n_total": 40,
      "n_drops": 2,
      "n_signals": 34,
      "TP": 2,
      "FP": 32,
      "FN": 0,
      "TN": 6,
      "precision": 0.058823529411764705,
      "recall": 1.0,
      "base_rate": 0.05,
      "lift_vs_random": 0.008823529411764702,
      "hold_ret": 0.01926298096404655,
      "strategy_ret": -0.0022289648534725703,
      "return_lift": -0.02149194581751912,
      "polarity": "normal"
    },
    {
      "source": "statistical",
      "window": 5,
      "sigma_mult": 2.0,
      "threshold": -0.1613227931763263,
      "n_total": 40,
      "n_drops": 1,
      "n_signals": 34,
      "TP": 1,
      "FP": 33,
      "FN": 0,
      "TN": 6,
      "precision": 0.029411764705882353,
      "recall": 1.0,
      "base_rate": 0.025,
      "lift_vs_random": 0.004411764705882351,
      "hold_ret": 0.01926298096404655,
      "strategy_ret": -0.0022289648534725703,
      "return_lift": -0.02149194581751912,
      "polarity": "normal"
    },
    {
      "source": "statistical",
      "window": 20,
      "sigma_mult": 1.0,
      "threshold": -0.1613227931763263,
      "n_total": 40,
      "n_drops": 2,
      "n_signals": 34,
      "TP": 2,
      "FP": 32,
      "FN": 0,
      "TN": 6,
      "precision": 0.058823529411764705,
      "recall": 1.0,
      "base_rate": 0.05,
      "lift_vs_random": 0.008823529411764702,
      "hold_ret": 0.10026236850429333,
      "strategy_ret": -0.03703179522187864,
      "return_lift": -0.13729416372617198,
      "polarity": "normal"
    },
    {
      "source": "statistical",
      "window": 20,
      "sigma_mult": 1.5,
      "threshold": -0.24198418976448946,
      "n_total": 40,
      "n_drops": 1,
      "n_signals": 34,
      "TP": 1,
      "FP": 33,
      "FN": 0,
      "TN": 6,
      "precision": 0.029411764705882353,
      "recall": 1.0,
      "base_rate": 0.025,
      "lift_vs_random": 0.004411764705882351,
      "hold_ret": 0.10026236850429333,
      "strategy_ret": -0.03703179522187864,
      "return_lift": -0.13729416372617198,