{
  "code": "950160",
  "name": "코오롱티슈진",
  "applicable": false,
  "reason": "best lift -1.5%p, precision 0.0% vs base 15.0%",
  "best_config": {
    "source": "synthesis",
    "window": 5,
    "sigma_mult": 1.0,
    "threshold": -0.10808102550080582,
    "n_total": 40,
    "n_drops": 6,
    "n_signals": 16,
    "TP": 0,
    "FP": 16,
    "FN": 6,
    "TN": 18,
    "precision": 0.0,
    "recall": 0.0,
    "base_rate": 0.15,
    "lift_vs_random": -0.15,
    "hold_ret": 0.02509147914636507,
    "strategy_ret": 0.01022061913035933,
    "return_lift": -0.01487086001600574,
    "polarity": "inverted"
  },
  "grid_results": [
    {
      "source": "narrative",
      "window": 5,
      "sigma_mult": 1.0,
      "threshold": -0.10808102550080582,
      "n_total": 40,
      "n_drops": 6,
      "n_signals": 24,
      "TP": 1,
      "FP": 23,
      "FN": 5,
      "TN": 11,
      "precision": 0.041666666666666664,
      "recall": 0.16666666666666666,
      "base_rate": 0.15,
      "lift_vs_random": -0.10833333333333334,
      "hold_ret": 0.02509147914636507,
      "strategy_ret": -0.009819815044217216,
      "return_lift": -0.03491129419058228,
      "polarity": "inverted"
    },
    {
      "source": "narrative",
      "window": 5,
      "sigma_mult": 1.5,
      "threshold": -0.16212153825120873,
      "n_total": 40,
      "n_drops": 1,
      "n_signals": 24,
      "TP": 0,
      "FP": 24,
      "FN": 1,
      "TN": 15,
      "precision": 0.0,
      "recall": 0.0,
      "base_rate": 0.025,
      "lift_vs_random": -0.025,
      "hold_ret": 0.02509147914636507,
      "strategy_ret": -0.009819815044217216,
      "return_lift": -0.03491129419058228,
      "polarity": "inverted"
    },
    {
      "source": "narrative",
      "window": 5,
      "sigma_mult": 2.0,
      "threshold": -0.21616205100161165,
      "n_total": 40,
      "n_drops": 0,
      "n_signals": 24,
      "TP": 0,
      "FP": 24,
      "FN": 0,
      "TN": 16,
      "precision": 0.0,
      "recall": null,
      "base_rate": 0.0,
      "lift_vs_random": 0.0,
      "hold_ret": 0.02509147914636507,
      "strategy_ret": -0.009819815044217216,
      "return_lift": -0.03491129419058228,
      "polarity": "normal"
    },
    {
      "source": "narrative",
      "window": 20,
      "sigma_mult": 1.0,
      "threshold": -0.21616205100161165,
      "n_total": 40,
      "n_drops": 3,
      "n_signals": 24,
      "TP": 2,
      "FP": 22,
      "FN": 1,
      "TN": 15,
      "precision": 0.08333333333333333,
      "recall": 0.6666666666666666,
      "base_rate": 0.075,
      "lift_vs_random": 0.008333333333333331,
      "hold_ret": 0.11890114974481983,
      "strategy_ret": 0.006440681068336777,
      "return_lift": -0.11246046867648304,
      "polarity": "normal"
    },
    {
      "source": "narrative",
      "window": 20,
      "sigma_mult": 1.5,
      "threshold": -0.32424307650241746,
      "n_total": 40,
      "n_drops": 0,
      "n_signals": 24,
      "TP": 0,
      "FP": 24,
      "FN": 0,
      "TN": 16,
      "precision": 0.0,
      "recall": null,
      "base_rate": 0.0,
      "lift_vs_random": 0.0,
      "hold_ret": 0.11890114974481983,
      "strategy_ret": 0.006440681068336777,
      "return_lift": -0.11246046867648304,
      "polarity": "normal"
    },
    {
      "source": "narrative",
      "window": 20,
      "sigma_mult": 2.0,
      "threshold": -0.4323241020032233,
      "n_total": 40,
      "n_drops": 0,
      "n_signals": 24,
      "TP": 0,
      "FP": 24,
      "FN": 0,
      "TN": 16,
      "precision": 0.0,
      "recall": null,
      "base_rate": 0.0,
      "lift_vs_random": 0.0,
      "hold_ret": 0.11890114974481983,
      "strategy_ret": 0.006440681068336777,
      "return_lift": -0.11246046867648304,
      "polarity": "normal"
    },
    {
      "source": "narrative",
      "window": 60,
      "sigma_mult": 1.0,
      "threshold": -0.3744036550030863,
      "n_total": 40,
      "n_drops": 0,
      "n_signals": 24,
      "TP": 0,
      "FP": 24,
      "FN": 0,
      "TN": 16,
      "precision": 0.0,
      "recall": null,
      "base_rate": 0.0,
      "lift_vs_random": 0.0,
      "hold_ret": 0.3616162723743087,
      "strategy_ret": 0.12846342262870464,
      "return_lift": -0.23315284974560407,
      "polarity": "normal"
    },
    {
      "source": "narrative",
      "window": 60,
      "sigma_mult": 1.5,
      "threshold": -0.5616054825046295,
      "n_total": 40,
      "n_drops": 0,
      "n_signals": 24,
      "TP": 0,
      "FP": 24,
      "FN": 0,
      "TN": 16,
      "precision": 0.0,
      "recall": null,
      "base_rate": 0.0,
      "lift_vs_random": 0.0,
      "hold_ret": 0.3616162723743087,
      "strategy_ret": 0.12846342262870464,
      "return_lift": -0.23315284974560407,
      "polarity": "normal"
    },
    {
      "source": "narrative",
      "window": 60,
      "sigma_mult": 2.0,
      "threshold": -0.7488073100061726,
      "n_total": 40,
      "n_drops": 0,
      "n_signals": 24,
      "TP": 0,
      "FP": 24,
      "FN": 0,
      "TN": 16,
      "precision": 0.0,
      "recall": null,
      "base_rate": 0.0,
      "lift_vs_random": 0.0,
      "hold_ret": 0.3616162723743087,
      "strategy_ret": 0.12846342262870464,
      "return_lift": -0.23315284974560407,
      "polarity": "normal"
    },
    {
      "source": "statistical",
      "window": 5,
      "sigma_mult": 1.0,
      "threshold": -0.10808102550080582,
      "n_total": 40,
      "n_drops": 6,
      "n_signals": 0,
      "TP": 0,
      "FP": 0,
      "FN": 6,
      "TN": 34,
      "precision": null,
      "recall": 0.0,
      "base_rate": 0.15,
      "lift_vs_random": null,
      "hold_ret": 0.02509147914636507,
      "strategy_ret": 0.02509147914636507,
      "return_lift": 0.0,
      "polarity": "normal"
    },
    {
      "source": "statistical",
      "window": 5,
      "sigma_mult": 1.5,
      "threshold": -0.16212153825120873,
      "n_total": 40,
      "n_drops": 1,
      "n_signals": 0,
      "TP": 0,
      "FP": 0,
      "FN": 1,
      "TN": 39,
      "precision": null,
      "recall": 0.0,
      "base_rate": 0.025,
      "lift_vs_random": null,
      "hold_ret": 0.02509147914636507,
      "strategy_ret": 0.02509147914636507,
      "return_lift": 0.0,
      "polarity": "normal"
    },
    {
      "source": "statistical",
      "window": 5,
      "sigma_mult": 2.0,
      "threshold": -0.21616205100161165,
      "n_total": 40,
      "n_drops": 0,
      "n_signals": 0,
      "TP": 0,
      "FP": 0,
      "FN": 0,
      "TN": 40,
      "precision": null,
      "recall": null,
      "base_rate": 0.0,
      "lift_vs_random": null,
      "hold_ret": 0.02509147914636507,
      "strategy_ret": 0.02509147914636507,
      "return_lift": 0.0,
      "polarity": "normal"
    },
    {
      "source": "statistical",
      "window": 20,
      "sigma_mult": 1.0,
      "threshold": -0.21616205100161165,
      "n_total": 40,
      "n_drops": 3,
      "n_signals": 0,
      "TP": 0,
      "FP": 0,
      "FN": 3,
      "TN": 37,
      "precision": null,
      "recall": 0.0,
      "base_rate": 0.075,
      "lift_vs_random": null,
      "hold_ret": 0.11890114974481983,
      "strategy_ret": 0.11890114974481983,
      "return_lift": 0.0,
      "polarity": "normal"
    },
    {
      "source": "statistical",
      "window": 20,
      "sigma_mult": 1.5,
      "threshold": -0.32424307650241746,
      "n_total": 40,
      "n_drops": 0,
      "n_signals": 0,
      "TP": 0,
      "FP": 0,
      "FN": 0,
      "TN": 40,
      "precision": null,
      "recall": null,
      "base_rate": 0.0,
      "lift_vs_random": null,
      "hold_ret": 0.11890114974481983,
      "strategy_ret": 0.11890114974481983,
      "return_lift": 0.0,
      "polarity": "normal"
    },
    {
      "source": "statistical",
      "window": 20,
      "sigma_mult": 2.0,
      "threshold": -0.4323241020032233,
      "n_total": 40,
      "n_drops": 0,
      "n_signals": 0,
      "TP": 0,
      "FP": 0,
      "FN": 0,
      "TN": 40,
      "precision": null,